<?xml version="1.0" encoding="UTF-8" ?>
<XMLDB PATH="local/upload/db" VERSION="20120122" COMMENT="XMLDB file for Moodle local/upload"
    xmlns:xsi="http://www.w3.org/2001/XMLSchema-instance"
    xsi:noNamespaceSchemaLocation="../../../lib/xmldb/xmldb.xsd">
  <TABLES>
		<TABLE NAME="local_randomemails" COMMENT="Used to store uploaded course info">
	  <FIELDS>
			<FIELD NAME="id" TYPE="int" LENGTH="10" NOTNULL="true" SEQUENCE="true"/>
			<FIELD NAME="userid" TYPE="int" LENGTH="20" NOTNULL="false" SEQUENCE="false"/>
			<FIELD NAME="firstname" TYPE="char" LENGTH="255" NOTNULL="false"  SEQUENCE="false"/>
			<FIELD NAME="lastname" TYPE="char" LENGTH="255" NOTNULL="false"  SEQUENCE="false"/>
			<FIELD NAME="email" TYPE="char" LENGTH="255" NOTNULL="false"  SEQUENCE="false"/>
      <FIELD NAME="status" TYPE="int" LENGTH="20" NOTNULL="false"  DEFAULT="0" SEQUENCE="false"/>
      <FIELD NAME="timemodified" TYPE="int" LENGTH="20" NOTNULL="false" SEQUENCE="false"/>
      <FIELD NAME="usermodified" TYPE="int" LENGTH="20" NOTNULL="false" SEQUENCE="false"/>
	  </FIELDS>
	  <KEYS>
			<KEY NAME="primary" TYPE="primary" FIELDS="id"/>
	  </KEYS>
    </TABLE>
  </TABLES>
</XMLDB>
